iteration,collectionName,requestName,method,url,status,code,responseTime,responseSize,executed,failed,skipped,totalAssertions,executedCount,failedCount,skippedCount
"1","Sendinblue","Get all Companies","GET","https://api.sendinblue.com/v3/companies?filters=veniam elit in&linkedContactsIds=13396752&linkedDealsIds=veniam elit in&page=13396752&limit=13396752&sort=desc&sortBy=veniam elit in","Unauthorized","401","927","50",,"items is present, id is present",,"2","0","2","0"
"1","Sendinblue","Create a company","POST","https://api.sendinblue.com/v3/companies","Unauthorized","401","270","50",,"Status code is 201, Response body has an id property",,"2","0","2","0"
"1","Sendinblue","Get company attributes","GET","https://api.sendinblue.com/v3/companies/attributes","Unauthorized","401","274","50",,"Response status is 200, Each webhook should have internalName, label, attributeTypeName properties",,"2","0","2","0"
"1","Sendinblue","Link and Unlink company with contact and deal","PATCH","https://api.sendinblue.com/v3/companies/link-unlink/veniam elit in","Unauthorized","401","221","50",,"Status code is 204, Response contains no message",,"2","0","2","0"
"1","Sendinblue","Get a company","GET","https://api.sendinblue.com/v3/companies/2","Unauthorized","401","254","50",,"Status code is 200, Response has required fields",,"2","0","2","0"
"1","Sendinblue","Delete a company","DELETE","https://api.sendinblue.com/v3/companies/veniam elit in","Unauthorized","401","197","50",,"Delete a company without an ID, Response contains error message for Bad Request",,"2","0","2","0"
"1","Sendinblue","Update a company","PATCH","https://api.sendinblue.com/v3/companies/veniam elit in","Unauthorized","401","207","50",,"Status code is 204, Response contains no message",,"2","0","2","0"
"1","Sendinblue","Get pipeline stages","GET","https://api.sendinblue.com/v3/crm/pipeline/details","Unauthorized","401","271","50",,"Response has stages property, Each stage has an id property",,"2","0","2","0"
"1","Sendinblue","Get all deals","GET","https://api.sendinblue.com/v3/crm/deals?filter[attributes]=veniam elit in&filter[linkedCompaniesIds]=veniam elit in&filter[linkedContactsIds]=veniam elit in&offset=13396752&limit=13396752&sort=desc","Unauthorized","401","634","50",,,,"0","0","0","0"
"1","Sendinblue","Create a deal","POST","https://api.sendinblue.com/v3/crm/deals","Unauthorized","401","206","50",,,,"0","0","0","0"
"1","Sendinblue","Link and Unlink a deal with contacts and companies","PATCH","https://api.sendinblue.com/v3/crm/deals/link-unlink/veniam elit in","Unauthorized","401","264","50",,,,"0","0","0","0"
"1","Sendinblue","Get deal attributes","GET","https://api.sendinblue.com/v3/crm/attributes/deals","Unauthorized","401","387","50",,,,"0","0","0","0"
"1","Sendinblue","Get a deal","GET","https://api.sendinblue.com/v3/crm/deals/veniam elit in","Unauthorized","401","233","50",,,,"0","0","0","0"
"1","Sendinblue","Delete a deal","DELETE","https://api.sendinblue.com/v3/crm/deals/veniam elit in","Unauthorized","401","247","50",,,,"0","0","0","0"
"1","Sendinblue","Update a deal","PATCH","https://api.sendinblue.com/v3/crm/deals/veniam elit in","Unauthorized","401","198","50",,,,"0","0","0","0"
"1","Sendinblue","Get all tasks","GET","https://api.sendinblue.com/v3/crm/tasks?filter[type]=veniam elit in&filter[status]=done&filter[date]=range&filter[assignTo]=veniam elit in&filter[contacts]=veniam elit in&filter[deals]=veniam elit in&filter[companies]=veniam elit in&dateFrom=-41398727&dateTo=-41398727&offset=13396752&limit=50&sort=desc&sortBy=name","Unauthorized","401","229","50",,,,"0","0","0","0"
"1","Sendinblue","Create a task","POST","https://api.sendinblue.com/v3/crm/tasks","Unauthorized","401","224","50",,,,"0","0","0","0"
"1","Sendinblue","Get all task types","GET","https://api.sendinblue.com/v3/crm/tasktypes","Unauthorized","401","248","50",,,,"0","0","0","0"
"1","Sendinblue","Get a task","GET","https://api.sendinblue.com/v3/crm/tasks/veniam elit in","Unauthorized","401","226","50",,,,"0","0","0","0"
"1","Sendinblue","Delete a task","DELETE","https://api.sendinblue.com/v3/crm/tasks/veniam elit in","Unauthorized","401","306","50",,,,"0","0","0","0"
"1","Sendinblue","Update a task","PATCH","https://api.sendinblue.com/v3/crm/tasks/veniam elit in","Unauthorized","401","232","50",,,,"0","0","0","0"
"1","Sendinblue","Get all notes","GET","https://api.sendinblue.com/v3/crm/notes?entity=deals&entityIds=veniam elit in&dateFrom=-41398727&dateTo=-41398727&offset=13396752&limit=50&sort=desc","Unauthorized","401","808","50",,,,"0","0","0","0"
"1","Sendinblue","Create a note","POST","https://api.sendinblue.com/v3/crm/notes","Unauthorized","401","198","50",,,,"0","0","0","0"
"1","Sendinblue","Get a note","GET","https://api.sendinblue.com/v3/crm/notes/veniam elit in","Unauthorized","401","273","50",,,,"0","0","0","0"
"1","Sendinblue","Update a note","PATCH","https://api.sendinblue.com/v3/crm/notes/veniam elit in","Unauthorized","401","207","50",,,,"0","0","0","0"
"1","Sendinblue","Delete a note","DELETE","https://api.sendinblue.com/v3/crm/notes/veniam elit in","Unauthorized","401","253","50",,,,"0","0","0","0"
"1","Sendinblue","Get all files","GET","https://api.sendinblue.com/v3/crm/files?entity=deals&entityIds=veniam elit in&dateFrom=-41398727&dateTo=-41398727&offset=13396752&limit=50&sort=desc","Unauthorized","401","295","50",,,,"0","0","0","0"
"1","Sendinblue","Upload a file","POST","https://api.sendinblue.com/v3/crm/files","Unauthorized","401","341","50",,,,"0","0","0","0"
"1","Sendinblue","Download a file","GET","https://api.sendinblue.com/v3/crm/files/veniam elit in","Unauthorized","401","666","50",,,,"0","0","0","0"
"1","Sendinblue","Delete a file","DELETE","https://api.sendinblue.com/v3/crm/files/veniam elit in","Unauthorized","401","251","50",,,,"0","0","0","0"
"1","Sendinblue","Get file details","GET","https://api.sendinblue.com/v3/crm/files/veniam elit in/data","Unauthorized","401","218","50",,,,"0","0","0","0"
"1","Sendinblue","Get an email campaign report","GET","https://api.sendinblue.com/v3/emailCampaigns/13396752","Unauthorized","401","281","50",,,,"0","0","0","0"
"1","Sendinblue","Update an email campaign","PUT","https://api.sendinblue.com/v3/emailCampaigns/13396752","Unauthorized","401","243","50",,,,"0","0","0","0"
"1","Sendinblue","Delete an email campaign","DELETE","https://api.sendinblue.com/v3/emailCampaigns/13396752","Unauthorized","401","341","50",,,,"0","0","0","0"
"1","Sendinblue","Send an email campaign immediately, based on campaignId","POST","https://api.sendinblue.com/v3/emailCampaigns/13396752/sendNow","Unauthorized","401","226","50",,,,"0","0","0","0"
"1","Sendinblue","Send an email campaign to your test list","POST","https://api.sendinblue.com/v3/emailCampaigns/13396752/sendTest","Unauthorized","401","329","50",,,,"0","0","0","0"
"1","Sendinblue","Update an email campaign status","PUT","https://api.sendinblue.com/v3/emailCampaigns/13396752/status","Unauthorized","401","301","50",,,,"0","0","0","0"
"1","Sendinblue","Send the report of a campaign","POST","https://api.sendinblue.com/v3/emailCampaigns/13396752/sendReport","Unauthorized","401","229","50",,,,"0","0","0","0"
"1","Sendinblue","Get an A/B test email campaign results","GET","https://api.sendinblue.com/v3/emailCampaigns/13396752/abTestCampaignResult","Unauthorized","401","247","50",,,,"0","0","0","0"
"1","Sendinblue","Get a shared template url","GET","https://api.sendinblue.com/v3/emailCampaigns/13396752/sharedUrl","Unauthorized","401","229","50",,,,"0","0","0","0"
"1","Sendinblue","Export the recipients of an email campaign","POST","https://api.sendinblue.com/v3/emailCampaigns/13396752/exportRecipients","Unauthorized","401","486","50",,,,"0","0","0","0"
"1","Sendinblue","Return all your created email campaigns","GET","https://api.sendinblue.com/v3/emailCampaigns?type=classic&status=archive&startDate=veniam elit in&endDate=veniam elit in&limit=50&offset=0&sort=desc","Unauthorized","401","260","50",,,,"0","0","0","0"
"1","Sendinblue","Create an email campaign","POST","https://api.sendinblue.com/v3/emailCampaigns","Unauthorized","401","214","50",,,,"0","0","0","0"
"1","Sendinblue","Upload an image to your account's image gallery","POST","https://api.sendinblue.com/v3/emailCampaigns/images","Unauthorized","401","262","50",,,,"0","0","0","0"
"1","Sendinblue","Returns the information for all your created SMS campaigns","GET","https://api.sendinblue.com/v3/smsCampaigns?status=archive&startDate=veniam elit in&endDate=veniam elit in&limit=500&offset=0&sort=desc","Unauthorized","401","220","50",,,,"0","0","0","0"
"1","Sendinblue","Creates an SMS campaign","POST","https://api.sendinblue.com/v3/smsCampaigns","Unauthorized","401","623","50",,,,"0","0","0","0"
"1","Sendinblue","Get an SMS campaign","GET","https://api.sendinblue.com/v3/smsCampaigns/13396752","Unauthorized","401","295","50",,,,"0","0","0","0"
"1","Sendinblue","Update an SMS campaign","PUT","https://api.sendinblue.com/v3/smsCampaigns/13396752","Unauthorized","401","449","50",,,,"0","0","0","0"
"1","Sendinblue","Delete an SMS campaign","DELETE","https://api.sendinblue.com/v3/smsCampaigns/13396752","Unauthorized","401","233","50",,,,"0","0","0","0"
"1","Sendinblue","Send your SMS campaign immediately","POST","https://api.sendinblue.com/v3/smsCampaigns/13396752/sendNow","Unauthorized","401","219","50",,,,"0","0","0","0"
"1","Sendinblue","Update a campaign's status","PUT","https://api.sendinblue.com/v3/smsCampaigns/13396752/status","Unauthorized","401","185","50",,,,"0","0","0","0"
"1","Sendinblue","Send a test SMS campaign","POST","https://api.sendinblue.com/v3/smsCampaigns/13396752/sendTest","Unauthorized","401","278","50",,,,"0","0","0","0"
"1","Sendinblue","Export an SMS campaign's recipients","POST","https://api.sendinblue.com/v3/smsCampaigns/13396752/exportRecipients","Unauthorized","401","225","50",,,,"0","0","0","0"
"1","Sendinblue","Send an SMS campaign's report","POST","https://api.sendinblue.com/v3/smsCampaigns/13396752/sendReport","Unauthorized","401","228","50",,,,"0","0","0","0"
"1","Sendinblue","Send a message as an agent","POST","https://api.sendinblue.com/v3/conversations/messages","Unauthorized","401","195","50",,,,"0","0","0","0"
"1","Sendinblue","Get a message","GET","https://api.sendinblue.com/v3/conversations/messages/veniam elit in","Unauthorized","401","233","50",,,,"0","0","0","0"
"1","Sendinblue","Update a message sent by an agent","PUT","https://api.sendinblue.com/v3/conversations/messages/veniam elit in","Unauthorized","401","209","50",,,,"0","0","0","0"
"1","Sendinblue","Delete a message sent by an agent","DELETE","https://api.sendinblue.com/v3/conversations/messages/veniam elit in","Unauthorized","401","289","50",,,,"0","0","0","0"
"1","Sendinblue","Sets agentâ€™s status to online for 2-3 minutes","POST","https://api.sendinblue.com/v3/conversations/agentOnlinePing","Unauthorized","401","577","50",,,,"0","0","0","0"
"1","Sendinblue","Send an automated message to a visitor","POST","https://api.sendinblue.com/v3/conversations/pushedMessages","Unauthorized","401","182","50",,,,"0","0","0","0"
"1","Sendinblue","Get an automated message","GET","https://api.sendinblue.com/v3/conversations/pushedMessages/veniam elit in","Unauthorized","401","331","50",,,,"0","0","0","0"
"1","Sendinblue","Update an automated message","PUT","https://api.sendinblue.com/v3/conversations/pushedMessages/veniam elit in","Unauthorized","401","217","50",,,,"0","0","0","0"
"1","Sendinblue","Delete an automated message","DELETE","https://api.sendinblue.com/v3/conversations/pushedMessages/veniam elit in","Unauthorized","401","263","50",,,,"0","0","0","0"
"1","Sendinblue","Get all the contacts","GET","https://api.sendinblue.com/v3/contacts?limit=50&offset=0&modifiedSince=2022-02-01T00:00:00.000&sort=desc","Unauthorized","401","211","50",,,,"0","0","0","0"
"1","Sendinblue","Create a contact","POST","https://api.sendinblue.com/v3/contacts","Unauthorized","401","259","50",,,,"0","0","0","0"
"1","Sendinblue","Create Contact via DOI (Double-Opt-In) Flow","POST","https://api.sendinblue.com/v3/contacts/doubleOptinConfirmation","Unauthorized","401","218","50",,,,"0","0","0","0"
"1","Sendinblue","Update multiple contacts","POST","https://api.sendinblue.com/v3/contacts/batch","Unauthorized","401","196","50",,,,"0","0","0","0"
"1","Sendinblue","Export contacts","POST","https://api.sendinblue.com/v3/contacts/export","Unauthorized","401","279","50",,,,"0","0","0","0"
"1","Sendinblue","Import contacts","POST","https://api.sendinblue.com/v3/contacts/import","Unauthorized","401","622","50",,,,"0","0","0","0"
"1","Sendinblue","Get a contact's details","GET","https://api.sendinblue.com/v3/contacts/{{email}}","Unauthorized","401","324","50",,,,"0","0","0","0"
"1","Sendinblue","Delete a contact","DELETE","https://api.sendinblue.com/v3/contacts/{{contact_id}}","Unauthorized","401","289","50",,,,"0","0","0","0"
"1","Sendinblue","Update a contact","PUT","https://api.sendinblue.com/v3/contacts/veniam elit in","Unauthorized","401","199","50",,,,"0","0","0","0"
"1","Sendinblue","Get email campaigns' statistics for a contact","GET","https://api.sendinblue.com/v3/contacts/veniam elit in/campaignStats?startDate=veniam elit in&endDate=veniam elit in","Unauthorized","401","297","50",,,,"0","0","0","0"
"1","Sendinblue","Get all folders","GET","https://api.sendinblue.com/v3/contacts/folders?limit=10&offset=0&sort=desc","Unauthorized","401","261","50",,,,"0","0","0","0"
"1","Sendinblue","Create a folder","POST","https://api.sendinblue.com/v3/contacts/folders","Unauthorized","401","221","50",,,,"0","0","0","0"
"1","Sendinblue","Returns a folder's details","GET","https://api.sendinblue.com/v3/contacts/folders/13396752","Unauthorized","401","219","50",,,,"0","0","0","0"
"1","Sendinblue","Update a folder","PUT","https://api.sendinblue.com/v3/contacts/folders/13396752","Unauthorized","401","238","50",,,,"0","0","0","0"
"1","Sendinblue","Delete a folder (and all its lists)","DELETE","https://api.sendinblue.com/v3/contacts/folders/13396752","Unauthorized","401","198","50",,,,"0","0","0","0"
"1","Sendinblue","Get lists in a folder","GET","https://api.sendinblue.com/v3/contacts/folders/13396752/lists?limit=10&offset=0&sort=desc","Unauthorized","401","260","50",,,,"0","0","0","0"
"1","Sendinblue","Get all the lists","GET","https://api.sendinblue.com/v3/contacts/lists?limit=10&offset=0&sort=desc","Unauthorized","401","244","50",,,,"0","0","0","0"
"1","Sendinblue","Create a list","POST","https://api.sendinblue.com/v3/contacts/lists","Unauthorized","401","244","50",,,,"0","0","0","0"
"1","Sendinblue","Get contacts in a list","GET","https://api.sendinblue.com/v3/contacts/lists/13396752/contacts?modifiedSince=veniam elit in&limit=50&offset=0&sort=desc","Unauthorized","401","272","50",,,,"0","0","0","0"
"1","Sendinblue","Add existing contacts to a list","POST","https://api.sendinblue.com/v3/contacts/lists/13396752/contacts/add","Unauthorized","401","585","50",,,,"0","0","0","0"
"1","Sendinblue","Delete a contact from a list","POST","https://api.sendinblue.com/v3/contacts/lists/13396752/contacts/remove","Unauthorized","401","564","50",,,,"0","0","0","0"
"1","Sendinblue","Get a list's details","GET","https://api.sendinblue.com/v3/contacts/lists/13396752","Unauthorized","401","788","50",,,,"0","0","0","0"
"1","Sendinblue","Update a list","PUT","https://api.sendinblue.com/v3/contacts/lists/13396752","Unauthorized","401","526","50",,,,"0","0","0","0"
"1","Sendinblue","Delete a list","DELETE","https://api.sendinblue.com/v3/contacts/lists/13396752","Unauthorized","401","209","50",,,,"0","0","0","0"
"1","Sendinblue","List all attributes","GET","https://api.sendinblue.com/v3/contacts/attributes","Unauthorized","401","366","50",,,,"0","0","0","0"
"1","Sendinblue","Update contact attribute","PUT","https://api.sendinblue.com/v3/contacts/attributes/global/veniam elit in","Unauthorized","401","220","50",,,,"0","0","0","0"
"1","Sendinblue","Create contact attribute","POST","https://api.sendinblue.com/v3/contacts/attributes/global/veniam elit in","Unauthorized","401","610","50",,,,"0","0","0","0"
"1","Sendinblue","Delete an attribute","DELETE","https://api.sendinblue.com/v3/contacts/attributes/global/veniam elit in","Unauthorized","401","297","50",,,,"0","0","0","0"
"1","Sendinblue","Send a transactional email","POST","https://api.sendinblue.com/v3/smtp/email","Unauthorized","401","340","50",,"Status code is 202, Response has a messageId , messageid is not empty",,"3","0","3","0"
"1","Sendinblue","Get the list of transactional emails on the basis of allowed filters","GET","https://api.sendinblue.com/v3/smtp/emails?email=rdgenterprises@tlwpleasure.com&messageId=202308101630.80423722400@smtp-relay.mailin.fr","Unauthorized","401","227","50",,"Response status is 200, Count is present, TransactionalEmails is present, TransactionalEmails objects have expected properties",,"4","0","4","0"
"1","Sendinblue","Delete scheduled emails by batchId or messageId","DELETE","https://api.sendinblue.com/v3/smtp/email/<202308110659.74024842017@smtp-relay.mailin.fr>","Unauthorized","401","255","50","Date is present","Request is successful",,"2","1","1","0"
"1","Sendinblue","Get the personalized content of a sent transactional email","GET","https://api.sendinblue.com/v3/smtp/emails/5a78c-209ok98262910-std2341","Unauthorized","401","243","50","Error message field is not empty","Response status code is 404, Response contains error message for document a non-existing uniqueid",,"3","1","2","0"
"1","Sendinblue","Fetch scheduled emails by batchId or messageId","GET","https://api.sendinblue.com/v3/smtp/emailStatus/5c6cfa04-eed9-42c2-8b5c-6d470d978e9d?startDate=2023-08-02&endDate=2023-08-10&sort=desc&status=queued&limit=100&offset=0","Unauthorized","401","285","50","Error message field is not empty","Response contains error message for record not found for messageid, Response status code is 404",,"3","1","2","0"
"1","Sendinblue","Get the list of email templates","GET","https://api.sendinblue.com/v3/smtp/templates?templateStatus=false&limit=50&offset=0&sort=desc","Unauthorized","401","258","50",,"Response status code is 200, Response has count, Response has templates",,"3","0","3","0"
"1","Sendinblue","Create an email template","POST","https://api.sendinblue.com/v3/smtp/templates","Unauthorized","401","209","50",,"Response status code is 400, Response contains error code for missing fields, message is not empty",,"3","0","3","0"
"1","Sendinblue","Returns the template information","GET","https://api.sendinblue.com/v3/smtp/templates/1","Unauthorized","401","341","50",,"Response status code is 200",,"1","0","1","0"
"1","Sendinblue","Update an email template","PUT","https://api.sendinblue.com/v3/smtp/templates/13396752","Unauthorized","401","284","50",,"Response status code is 400, Response body contains error message for Html content and html url sent together, Response body contains code: invalid_parameter",,"3","0","3","0"
"1","Sendinblue","Delete an inactive email template","DELETE","https://api.sendinblue.com/v3/smtp/templates/13396752","Unauthorized","401","256","50","Response has required fields - code and message","Response status code is 404, Response contains error message for a non-existing templateid",,"3","1","2","0"
"1","Sendinblue","Send a template to your test list","POST","https://api.sendinblue.com/v3/smtp/templates/1/sendTest","Unauthorized","401","246","50","Code field is present in the response, Message field is present in the response","Response status code is 400, The unexistingEmails field is present in the response",,"4","2","2","0"
"1","Sendinblue","Get your transactional email activity aggregated over a period of time","GET","https://api.sendinblue.com/v3/smtp/statistics/aggregatedReport?startDate=2023-07-01&endDate=2023-08-11","Unauthorized","401","229","50",,"Response status code is 200, Range field is present in the response, Request is 77 for the selected range",,"3","0","3","0"
"1","Sendinblue","Get your transactional email activity aggregated per day","GET","https://api.sendinblue.com/v3/smtp/statistics/reports?limit=10&offset=0&startDate=2023-08-01&endDate=2023-08-11&tag=veniam elit in&sort=desc","Unauthorized","401","301","50",,"Response status code is 200, Response has 'reports' array, Verify that the 'reports' array is not empty",,"3","0","3","0"
"1","Sendinblue","Get all your transactional email activity (unaggregated events)","GET","https://api.sendinblue.com/v3/smtp/statistics/events?days=11&messageId=202212281024.62341432715@smtp-relay.mailin.fr","Unauthorized","401","380","50",,"Response status code is 200, Response has required fields (events), Events is an array",,"3","0","3","0"
"1","Sendinblue","Get the list of blocked or unsubscribed transactional contacts","GET","https://api.sendinblue.com/v3/smtp/blockedContacts?limit=50&offset=0&sort=desc","Unauthorized","401","226","50",,"Response status code is 200, Email field in contacts is a non-empty string, The reason for being blocked is present",,"3","0","3","0"
"1","Sendinblue","Unblock or resubscribe a transactional contact","DELETE","https://api.sendinblue.com/v3/smtp/blockedContacts/","Unauthorized","401","742","50","Date is present","Request is successful",,"2","1","1","0"
"1","Sendinblue","Get the list of blocked domains","GET","https://api.sendinblue.com/v3/smtp/blockedDomains","Unauthorized","401","209","50",,"Response status code is 200, Response has domains",,"2","0","2","0"
"1","Sendinblue","Add a new domain to the list of blocked domains","POST","https://api.sendinblue.com/v3/smtp/blockedDomains","Unauthorized","401","213","50","Verify that the domain is added to the blocklist in a case-insensitive manner","Response status code is 201, Response body is an empty object, Verify that the domain is successfully blocked",,"4","1","3","0"
"1","Sendinblue","Unblock an existing domain from the list of blocked domains","DELETE","https://api.sendinblue.com/v3/smtp/blockedDomains/mary.com","Unauthorized","401","273","50",,,,"0","0","0","0"
"1","Sendinblue","Delete hardbounces","POST","https://api.sendinblue.com/v3/smtp/deleteHardbounces","Unauthorized","401","893","50",,,,"0","0","0","0"
"1","Sendinblue","Delete an SMTP transactional log","DELETE","https://api.sendinblue.com/v3/smtp/log/veniam elit in","Unauthorized","401","203","50",,,,"0","0","0","0"
"1","Sendinblue","Get the list of all the events for the received emails.","GET","https://api.sendinblue.com/v3/inbound/events?limit=100&offset=0&sort=desc","Unauthorized","401","591","50",,,,"0","0","0","0"
"1","Sendinblue","Fetch all events history for one particular received email.","GET","https://api.sendinblue.com/v3/inbound/events/veniam elit in","Unauthorized","401","341","50",,,,"0","0","0","0"
"1","Sendinblue","Retrieve inbound attachment with download token.","GET","https://api.sendinblue.com/v3/inbound/attachments/veniam elit in","Unauthorized","401","339","50",,,,"0","0","0","0"
"1","Sendinblue","Send SMS message to a mobile number","POST","https://api.sendinblue.com/v3/transactionalSMS/sms","Unauthorized","401","218","50",,,,"0","0","0","0"
"1","Sendinblue","Get your SMS activity aggregated over a period of time","GET","https://api.sendinblue.com/v3/transactionalSMS/statistics/aggregatedReport?startDate=2023-08-01&endDate=2023-08-10&days=13396752","Unauthorized","401","281","50",,,,"0","0","0","0"
"1","Sendinblue","Get your SMS activity aggregated per day","GET","https://api.sendinblue.com/v3/transactionalSMS/statistics/reports?startDate=veniam elit in&endDate=veniam elit in&days=13396752&tag=veniam elit in&sort=desc","Unauthorized","401","204","50",,,,"0","0","0","0"
"1","Sendinblue","Get all your SMS activity (unaggregated events)","GET","https://api.sendinblue.com/v3/transactionalSMS/statistics/events?limit=50&startDate=veniam elit in&endDate=veniam elit in&offset=0&days=13396752&phoneNumber=veniam elit in&event=bounces&tags=veniam elit in&sort=desc","Unauthorized","401","314","50",,,,"0","0","0","0"
"1","Sendinblue","Get all webhooks","GET","https://api.sendinblue.com/v3/webhooks/?type=transactional&sort=desc","Unauthorized","401","233","50",,"Response status is 200, Each webhook should have url, id, description, events, type, createdAt, and modifiedAt properties",,"2","0","2","0"
"1","Sendinblue","Create a webhook","POST","https://api.sendinblue.com/v3/webhooks","Unauthorized","401","203","50",,"Status code is 201, Response body has an id property, The id property is a number, Request is successful",,"4","0","4","0"
"1","Sendinblue","Get a webhook details","GET","https://api.sendinblue.com/v3/webhooks/860845","Unauthorized","401","259","50",,"Response has required fields, Confirm the id is undefined",,"2","0","2","0"
"1","Sendinblue","Update a webhook","PUT","https://api.sendinblue.com/v3/webhooks/861360","Unauthorized","401","581","50",,"Status code is 204, Request is updated successfully, Response contains error message for Bad Request",,"3","0","3","0"
"1","Sendinblue","Delete a webhook","DELETE","https://api.sendinblue.com/v3/webhooks/","Unauthorized","401","257","50",,"Request is successful, Delete a webhook without an ID",,"2","0","2","0"
"1","Sendinblue","Add Email and/or SMS credits to a specific child account","POST","https://api.sendinblue.com/v3/reseller/children/veniam elit in/credits/add","Unauthorized","401","314","50",,,,"0","0","0","0"
"1","Sendinblue","Remove Email and/or SMS credits from a specific child account","POST","https://api.sendinblue.com/v3/reseller/children/veniam elit in/credits/remove","Unauthorized","401","193","50",,,,"0","0","0","0"
"1","Sendinblue","Associate a dedicated IP to the child","POST","https://api.sendinblue.com/v3/reseller/children/veniam elit in/ips/associate","Unauthorized","401","268","50",,,,"0","0","0","0"
"1","Sendinblue","Dissociate a dedicated IP to the child","POST","https://api.sendinblue.com/v3/reseller/children/veniam elit in/ips/dissociate","Unauthorized","401","1261","50",,,,"0","0","0","0"
"1","Sendinblue","Get all sender domains for a specific child account","GET","https://api.sendinblue.com/v3/reseller/children/veniam elit in/domains","Unauthorized","401","245","50",,,,"0","0","0","0"
"1","Sendinblue","Create a domain for a child account","POST","https://api.sendinblue.com/v3/reseller/children/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/domains","Unauthorized","401","671","50",,,,"0","0","0","0"
"1","Sendinblue","Update the sender domain of reseller's child based on the childIdentifier and domainName passed","PUT","https://api.sendinblue.com/v3/reseller/children/veniam elit in/domains/veniam elit in","Unauthorized","401","313","50",,,,"0","0","0","0"
"1","Sendinblue","Delete the sender domain of the reseller child based on the childIdentifier and domainName passed","DELETE","https://api.sendinblue.com/v3/reseller/children/veniam elit in/domains/veniam elit in","Unauthorized","401","434","50",,,,"0","0","0","0"
"1","Sendinblue","Get a child account's details","GET","https://api.sendinblue.com/v3/reseller/children/veniam elit in","Unauthorized","401","227","50",,,,"0","0","0","0"
"1","Sendinblue","Update info of reseller's child based on the child identifier supplied","PUT","https://api.sendinblue.com/v3/reseller/children/veniam elit in","Unauthorized","401","216","50",,,,"0","0","0","0"
"1","Sendinblue","Delete a single reseller child based on the child identifier supplied","DELETE","https://api.sendinblue.com/v3/reseller/children/veniam elit in","Unauthorized","401","183","50",,,,"0","0","0","0"
"1","Sendinblue","Update info of reseller's child account status based on the identifier supplied","PUT","https://api.sendinblue.com/v3/reseller/children/veniam elit in/accountStatus","Unauthorized","401","297","50",,,,"0","0","0","0"
"1","Sendinblue","Get the status of a reseller's child account creation, whether it is successfully created (exists) or not based on the childIdentifier supplied","GET","https://api.sendinblue.com/v3/reseller/children/veniam elit in/accountCreationStatus","Unauthorized","401","223","50",,,,"0","0","0","0"
"1","Sendinblue","Get session token to access Sendinblue (SSO)","GET","https://api.sendinblue.com/v3/reseller/children/veniam elit in/auth","Unauthorized","401","278","50",,,,"0","0","0","0"
"1","Sendinblue","Get the list of all children accounts","GET","https://api.sendinblue.com/v3/reseller/children?limit=10&offset=0","Unauthorized","401","244","50",,,,"0","0","0","0"
"1","Sendinblue","Creates a reseller child","POST","https://api.sendinblue.com/v3/reseller/children","Unauthorized","401","239","50",,,,"0","0","0","0"
"1","Sendinblue","Return all the processes for your account","GET","https://api.sendinblue.com/v3/processes?limit=10&offset=0&sort=desc","Unauthorized","401","265","50","Content-Type is present","Each process has an id, status, name  property, Count property is present",,"3","1","2","0"
"1","Sendinblue","Return the informations for a process","GET","https://api.sendinblue.com/v3/processes/3","Unauthorized","401","298","50",,"Status code is 200, Response has an id property, id property is a number, id property is 3",,"4","0","4","0"
"1","Sendinblue","Get the details of requested master account","GET","https://api.sendinblue.com/v3/corporate/masterAccount","Unauthorized","401","334","50",,,,"0","0","0","0"
"1","Sendinblue","Get the list of all the sub-accounts of the master account.","GET","https://api.sendinblue.com/v3/corporate/subAccount?offset=-41398727&limit=-41398727","Unauthorized","401","236","50",,,,"0","0","0","0"
"1","Sendinblue","Create a new sub-account under a master account.","POST","https://api.sendinblue.com/v3/corporate/","Unauthorized","401","223","50",,,,"0","0","0","0"
"1","Sendinblue","Generate SSO token to access Sendinblue","POST","https://api.sendinblue.com/v3/corporate/subAccount/ssoToken","Unauthorized","401","203","50",,,,"0","0","0","0"
"1","Sendinblue","Get sub-account details","GET","https://api.sendinblue.com/v3/corporate/subAccount/13396752","Unauthorized","401","293","50",,,,"0","0","0","0"
"1","Sendinblue","Delete a sub-account","DELETE","https://api.sendinblue.com/v3/corporate/subAccount/13396752","Unauthorized","401","215","50",,,,"0","0","0","0"
"1","Sendinblue","Update sub-account plan","PUT","https://api.sendinblue.com/v3/corporate/subAccount/13396752/plan","Unauthorized","401","602","50",,,,"0","0","0","0"
"1","Sendinblue","Get your account information, plan and credits details","GET","https://api.sendinblue.com/v3/account","Unauthorized","401","220","50","Content-Type is present","Confirm email is howard_weng@datavan.com.tw, This confirms the plan type is 'free'",,"3","1","2","0"
"1","Sendinblue","Get the list of all your senders","GET","https://api.sendinblue.com/v3/senders","Unauthorized","401","204","50",,"Status code is 200, Response contains 'senders' property, Each senders list should have id, ip, name, email, active, ips properties",,"3","0","3","0"
"1","Sendinblue","Create a new sender","POST","https://api.sendinblue.com/v3/senders","Unauthorized","401","275","50",,"Response body contains id, Response body contains spfError, Response body contains dkimError, id property is a number, spfError property is a boolean, dkimError property is a boolean",,"6","0","6","0"
"1","Sendinblue","Get all the dedicated IPs for your account","GET","https://api.sendinblue.com/v3/senders/ips","Unauthorized","401","218","50",,"Status code is 200, Response contains an 'ips' property, Each ips should have id, ip, active, domain properties",,"3","0","3","0"
"1","Sendinblue","Update a sender","PUT","https://api.sendinblue.com/v3/senders/9","Unauthorized","401","595","50",,"Request is updated successfully",,"1","0","1","0"
"1","Sendinblue","Delete a sender","DELETE","https://api.sendinblue.com/v3/senders/15","Unauthorized","401","253","50",,"Request is successful",,"1","0","1","0"
"1","Sendinblue","Get all the dedicated IPs for a sender","GET","https://api.sendinblue.com/v3/senders/3/ips","Unauthorized","401","208","50",,"Status code is 200, Response body has 'ips' property, Each 'ips' object has 'id' property, Each 'ips' object has 'ip' property, Each 'ips' object has 'domain' property, Each 'ips' object has 'weight' property",,"6","0","6","0"